"DESCRIPTION","DURATION IN MS","NAME","PARENT SUITE","START TIME","STATUS","STOP TIME","SUB SUITE","SUITE","TEST CLASS","TEST METHOD"
"Проверка успешного входа пользователя после перехода из формы восстановления пароля.","3053","Вход через кнопку в форме восстановления пароля","","Wed May 13 20:59:54 MSK 2026","passed","Wed May 13 20:59:57 MSK 2026","","stellarburgers.LoginTest","stellarburgers.LoginTest","shouldLoginFromForgotPasswordForm"
"Проверка успешного входа пользователя после перехода из формы регистрации.","3072","Вход через кнопку в форме регистрации","","Wed May 13 20:59:51 MSK 2026","passed","Wed May 13 20:59:54 MSK 2026","","stellarburgers.LoginTest","stellarburgers.LoginTest","shouldLoginFromRegistrationForm"
"Проверка успешного входа пользователя через кнопку 'Личный Кабинет' в шапке сайта.","3141","Вход через кнопку 'Личный Кабинет'","","Wed May 13 21:00:00 MSK 2026","passed","Wed May 13 21:00:03 MSK 2026","","stellarburgers.LoginTest","stellarburgers.LoginTest","shouldLoginFromPersonalAccountButton"
"Проверка, что клик по табу 'Начинки' делает этот раздел активным в конструкторе.","936","Переход к разделу 'Начинки'","","Wed May 13 20:59:49 MSK 2026","passed","Wed May 13 20:59:50 MSK 2026","","stellarburgers.ConstructorTest","stellarburgers.ConstructorTest","shouldSwitchToFillingsSection"
"Проверка успешного входа пользователя через кнопку 'Войти в аккаунт' на главной странице.","3119","Вход по кнопке 'Войти в аккаунт' на главной странице","","Wed May 13 20:59:57 MSK 2026","passed","Wed May 13 21:00:00 MSK 2026","","stellarburgers.LoginTest","stellarburgers.LoginTest","shouldLoginFromMainLoginButton"
"Проверка, что клик по табу 'Соусы' делает этот раздел активным в конструкторе.","997","Переход к разделу 'Соусы'","","Wed May 13 20:59:50 MSK 2026","passed","Wed May 13 20:59:51 MSK 2026","","stellarburgers.ConstructorTest","stellarburgers.ConstructorTest","shouldSwitchToSaucesSection"
"Проверка успешной регистрации нового пользователя с валидными именем, email и паролем.","4543","Успешная регистрация пользователя","","Wed May 13 20:59:42 MSK 2026","passed","Wed May 13 20:59:47 MSK 2026","","stellarburgers.RegistrationTest","stellarburgers.RegistrationTest","shouldRegisterUserSuccessfully"
"Проверка появления ошибки при попытке регистрации с паролем короче шести символов.","905","Ошибка при регистрации с паролем короче 6 символов","","Wed May 13 20:59:47 MSK 2026","passed","Wed May 13 20:59:48 MSK 2026","","stellarburgers.RegistrationTest","stellarburgers.RegistrationTest","shouldShowErrorForShortPassword"
"Проверка возврата к разделу 'Булки' после перехода в другой раздел конструктора.","1016","Переход к разделу 'Булки'","","Wed May 13 20:59:48 MSK 2026","passed","Wed May 13 20:59:49 MSK 2026","","stellarburgers.ConstructorTest","stellarburgers.ConstructorTest","shouldSwitchBackToBunsSection"
